seccion,item,cant,especificacion,precio_aprox_mxn,notas,link
Fase 1 · Prueba,Cable adaptador KDS → OBD2,1,Kawasaki 4 pines → OBD2 16 hembra (Lydesor),707,"Es lo único que necesitas para la prueba de 5 minutos. Al recibirlo, mide continuidad: un hilo va al pin 16, uno a 4 y 5, y dos a 7 y 15 (docs/conexion.html §2). La ficha mezcla modelos CAN (Z900, Ninja 400) y de línea K: si los hilos de comunicación van a 6 y 14, es el de CAN y no sirve. Alternativa que dice ZX6R/ZX10R: $1,685 en https://www.mercadolibre.com.mx/adaptador-obd2-4-a-16-pines-para-kawasaki-zx6r-zx10r/up/MLMU4584444525",https://www.mercadolibre.com.mx/adaptador-obd2-lydesor-para-motocicletas-kawasaki-de-4-a-16/p/MLM2059729603
Fase 2 · Computadora,Raspberry Pi 4 Model B 4 GB,1,Solo para la moto,3897,"Pi 4, no Pi 5: pide 3 A en vez de 5 A. La de membrane-rig se queda en el laboratorio.",https://www.mercadolibre.com.mx/raspberry-pi-4-modelo-b-de-4-gb-de-ram/p/MLM37237875
Fase 2 · Computadora,microSD SanDisk High Endurance 32 GB,1,SDSQQNR-032G · hecha para escritura continua · −25 a 85 °C,706,,https://www.mercadolibre.com.mx/tarjeta-micro-sd-sandisk-high-endurance-de-32-gb-para-dash-c/p/MLM2070303864
Fase 2 · Computadora,Disipadores para Pi 4,1 kit,"Aluminio, autoadheribles",99,La Pi va en una caja cerrada al frente. Mide la temperatura un día de calor con vcgencmd measure_temp.,https://www.mercadolibre.com.mx/disipadores-de-calor-raspberry-pi-4-b-aluminio-4-piezas-kit/p/MLM2090666470
Fase 2 · Energía,Convertidor 12 → 5 V,1,"Pololu D36V50F5 (#4091): entrada 5.5–50 V, salida 5 V 5.5 A",723,"US$39.95 más envío desde Pololu (EE. UU.). No compres el D24V50F5: su máximo, 38 V, queda debajo de lo que deja pasar el TVS.",https://www.pololu.com/product/4091
Fase 2 · Energía,TVS contra picos,3,"Littelfuse SMBJ24A, 600 W, recorta a ≤ 38.9 V",35,"US$0.65 c/u en Mouser (576-SMBJ24A); 2 son de repuesto. Va en la entrada del Pololu, con la banda al +.",https://www.mouser.mx/ProductDetail/Littelfuse/SMBJ24A
Fase 2 · Energía,Toma de fusible (add-a-circuit),1,"Portafusible con derivación; elige estándar, mini o micro según tu caja",89,"Antes de comprar, abre la caja de fusibles (manual p. 587) para ver el tipo de fusible y elegir un circuito que se apague con la llave. No uses el de la ECU ni el de encendido.",https://articulo.mercadolibre.com.mx/MLM-2448304762-portafusible-con-derivacion-add-fuse-std-mini-micro-_JM
Fase 2 · Energía,Fusibles 5 A,1 juego,Juego de minifusibles de 5 a 30 A,162,"Si tu caja usa fusibles estándar (ATO), compra el juego ATO en lugar de este.",https://articulo.mercadolibre.com.mx/MLM-2803482075-juego-de-minifusibles-automotrices-de-5-a-30-a-105-piezas-_JM
Fase 2 · Energía,Adaptador USB-C macho a clemas,1,Mete los 5 V del Pololu por el USB-C de la Pi,173,"Del Pololu al adaptador, cable de 20 AWG o más grueso y de 30 cm o menos.",https://www.mercadolibre.com.mx/adaptador-usb-tipo-c-macho-a-clemas-borne-terminal-conector/up/MLMU520831355
Fase 2 · Energía,Cable 18 AWG de 2 hilos,20 m,Para los tramos de 12 V y 5 V,229,Sobra bastante.,https://www.mercadolibre.com.mx/cable-electrico-20m-calibre-18awg-2pin-tira-led/up/MLMU456374931
Fase 2 · Pantalla,Pantalla legible al sol,1,"Newhaven NHD-5.0-HDMI-N-RSXP-CTU: 5″, 800×480, 900 nits, HDMI, −20 a 70 °C",1613,"Precio en pesos de newhavendisplay.com, más envío. En Mouser cuesta US$206: cómprala directo. Si te cabe una de 7″: NHD-7.0-HDMI-N-RSXN (1000 nits, US$98.36).",https://newhavendisplay.com/5-0-inch-ips-capacitive-hdmi-tft-module/
Fase 2 · Pantalla,Cable micro-HDMI → HDMI,1,La Pi 4 tiene salida micro-HDMI,299,,https://www.mercadolibre.com.mx/cable-micro-hdmi-a-hdmi-raspberry-pi-4-b-4k-60hz-1m-blanco/p/MLM45101999
Fase 2 · Montaje,Base RAM para manubrio,1,"RAM-B-408-75-1U: tubo de 3/4″ a 1″, bola de 1″",951,Abraza el semimanubrio de 22 mm. Confirma el diámetro con vernier y que quepa entre la tija y el puño.,https://www.mercadolibre.com.mx/ram-mounts-ram-b-408-75-1u-torque-medium-rail-base-with-b-si/p/MLM2079022421
Fase 2 · Montaje,Brazo RAM tamaño B,1,"Doble socket, corto",487,Este es genérico compatible. El original RAM-B-201U-A (corto) vibra menos.,https://www.mercadolibre.com.mx/brazo-de-doble-socket-para-soportes-ram-tamano-b-bola-de-1/p/MLM2084660157
Fase 2 · Montaje,Caja de la Pi,1,"Hammond 1554N2GYSL: IP68, 119 × 119 × 61 mm",728,"US$40.24 en Mouser. Va al frente, junto al tablero; confirma que quepa detrás del tablero o del carenado.",https://www.mouser.mx/ProductDetail/Hammond-Manufacturing/1554N2GYSL
Fase 2 · Montaje,Prensaestopas PG7 IP68,10,Para cable de 3 a 6 mm,89,Para meter los cables a la caja sin perder el IP68.,https://www.mercadolibre.com.mx/10-piezas-prensaestopa-glandula-pg7-ip68-cable-36mm/up/MLMU540932694
Fase 2 · Montaje,Filamento PETG o ASA,—,"Soporte del sensor, portaimán, abrazadera de botones y base de la pantalla",0,Si ya tienes. No uses PLA: se ablanda con el sol y el calor del motor.,
Fase 2 · Botones,Botón de manubrio,2,"Schurter MSMII-16 3-145-122: momentáneo, inoxidable, IP67, contacto de 100 mA",808,"US$22.33 c/u en Mouser. Alternativa económica: botón de 16 mm inoxidable de MercadoLibre a $159 c/u, sin IP67 certificado: https://articulo.mercadolibre.com.mx/MLM-819634347-boton-pulsador-16mm-push-boton-acero-inox-momentaneo-c-agua-_JM",https://www.mouser.mx/ProductDetail/Schurter/3-145-122
Fase 2 · Dirección,Encoder magnético AS5600,1,"Módulo con el chip ams AS5600: 12 bits, I²C 0x36, con pin DIR",81,"Revisa la serigrafía: que tenga DIR y que funcione a 3.3 V. Si quieres repuestos, el paquete de 3 cuesta $147: https://www.mercadolibre.com.mx/3-pzs-as5600-encoder-magnetico-sensor-angulo-magnetico/p/MLM2053960668",https://www.mercadolibre.com.mx/as5600-encoder-magnetico-12-bits/p/MLM67347505
Fase 2 · Dirección,Imán diametral,1,"NdFeB de 6 × 2.5 mm; o K&J D42DIA (6.35 × 3.18 mm, N42)",8,"Solo si el módulo no lo trae. US$0.46 más envío desde K&J. En MercadoLibre solo encontré imanes axiales, que no sirven.",https://www.kjmagnetics.com/d42dia-neodymium-diametric-disc-magnet
Fase 2 · Cableado,Cable de pares trenzados,1–2 m,UTP Cat5e,0,"Si tienes un pedazo de cable de red, sirve. Usa dos pares para el sensor (menos de 50 cm) y uno para los botones.",
Fase 2 · Cableado,Termofil,1 kit,Tubo termorretráctil de varios tamaños,94,,https://www.mercadolibre.com.mx/-kit-de-560-piezas-tubo-termoretractil-termofil-12-/p/MLM2090238369
Fase 3 · Condicional,Interfaz de diagnóstico,1,"OBDLink EX: USB, chip STN2232, KWP2000 con ATFI/ATWM",1719,Cómprala solo si el Steren no pasa la prueba de KDS o si falla su WiFi. No compres otro ELM327 genérico.,https://www.mercadolibre.com.mx/adaptador-obdlink-ex-para-diagnostico-forforscan/p/MLM2052303675
Apagado seguro (elige uno),Opción A: TJD CarPiHAT,1,"Detecta la llave, apaga la Pi y luego se corta; trae su propio convertidor",0,"£73 en The Pi Hut, agotada al 2026-10-01; también está en Tindie. Ocupa GPIO17 y GPIO27, así que los botones pasan a GPIO19 y GPIO26 (pines 35 y 37). Si la compras, ya no necesitas el Pololu.",https://github.com/gecko242/CarPiHat/wiki/Quick-Start-Guide
Apagado seguro (elige uno),Opción B: Overlay File System + memoria USB,1,Sistema de solo lectura; la base y direccion.json viven en la USB,0,Es gratis si tienes una memoria USB. Cortar la corriente ya no daña el sistema.,
Ya tienes,ELM327 WiFi Steren,1,¿SCAN-020? Revisa la etiqueta,0,La prueba de 5 minutos se hace con este.,
Ya tienes,Multímetro,1,,0,"Para medir el conector KDS, el convertidor y la continuidad del cable.",
Ya tienes,Impresora 3D Bambu,1,,0,"Para el soporte del sensor, el portaimán, la abrazadera de botones y la base de la pantalla.",
